"DESCRIPTION","DURATION IN MS","NAME","PARENT SUITE","START TIME","STATUS","STOP TIME","SUB SUITE","SUITE","TEST CLASS","TEST METHOD"
"","17118","Получение списка заказов","tests","2026-08-26","passed","2026-08-26","TestGetOrders","Список заказов","",""
"","332","Создание курьера без обязательного поля: login","tests","2026-08-26","passed","2026-08-26","TestCreateCourier","Создание курьера","",""
"","345","Авторизация с неверным логином","tests","2026-08-26","passed","2026-08-26","TestLoginCourier","Логин курьера","",""
"","344","Создание заказа с цветом: ['GREY']","tests","2026-08-26","passed","2026-08-26","TestCreateOrder","Создание заказа","",""
"","346","Создание заказа без указания цвета","tests","2026-08-26","passed","2026-08-26","TestCreateOrder","Создание заказа","",""
"","373","Создание заказа с цветом: ['GREY']","tests","2026-08-26","passed","2026-08-26","TestCreateOrder","Создание заказа","",""
"","333","Авторизация с неверным паролем","tests","2026-08-26","passed","2026-08-26","TestLoginCourier","Логин курьера","",""
"","1107","Успешное создание курьера","tests","2026-08-26","passed","2026-08-26","TestCreateCourier","Создание курьера","",""
"","381","Создание заказа без указания цвета","tests","2026-08-26","passed","2026-08-26","TestCreateOrder","Создание заказа","",""
"","327","Успешная авторизация курьера","tests","2026-08-26","passed","2026-08-26","TestLoginCourier","Логин курьера","",""
"","360","Создание заказа с цветом: ['BLACK', 'GREY']","tests","2026-08-26","passed","2026-08-26","TestCreateOrder","Создание заказа","",""
"","353","Создание заказа с цветом: ['BLACK']","tests","2026-08-26","passed","2026-08-26","TestCreateOrder","Создание заказа","",""
"","342","Создание заказа с цветом: ['BLACK']","tests","2026-08-26","passed","2026-08-26","TestCreateOrder","Создание заказа","",""
"","225","Создание курьера без обязательного поля: password","tests","2026-08-26","passed","2026-08-26","TestCreateCourier","Создание курьера","",""
"","1411","Нельзя создать двух одинаковых курьеров","tests","2026-08-26","passed","2026-08-26","TestCreateCourier","Создание курьера","",""
"","384","Создание заказа с цветом: ['BLACK', 'GREY']","tests","2026-08-26","passed","2026-08-26","TestCreateOrder","Создание заказа","",""
"","323","Авторизация без логина","tests","2026-08-26","passed","2026-08-26","TestLoginCourier","Логин курьера","",""
"","60327","Авторизация без пароля","tests","2026-08-26","failed","2026-08-26","TestLoginCourier","Логин курьера","",""
